7.29439354182876e-08,8.44202599431332e-08,5.4372142435526e-08,7.18274645994642e-08,5.15405117142648e-08,5.39188892314722e-09,6.68481786374005e-08
7.3648074247721e-08,8.6070118380216e-08,5.20368809253853e-08,7.0343356058655e-08,5.05658944037056e-08,7.17361668556896e-09,6.51078756852375e-08
7.28552340573974e-08,8.78017397773291e-08,5.25479956557443e-08,7.01470953064181e-08,5.02188118725456e-08,4.54340203198801e-09,6.58017167846276e-08
7.09087976974973e-08,8.69218569046583e-08,5.38531798049431e-08,6.84143283984791e-08,5.2386425777268e-08,3.91460873391844e-09,6.69293568492587e-08
7.21351925766668e-08,8.59294720701235e-08,5.23918740617772e-08,7.12464800295601e-08,5.20401981150537e-08,4.82337340576611e-09,6.12784442279061e-08
7.03040962191056e-08,8.29998267683254e-08,5.41189465985601e-08,7.01964873861941e-08,5.18880809292703e-08,3.91141071609511e-09,6.4302925319811e-08
7.04174180968169e-08,8.3579672115851e-08,5.32474276755289e-08,6.99130359606484e-08,5.40160888070914e-08,5.24408272132265e-09,6.29960166497462e-08
6.8529553123988e-08,8.26422877153701e-08,4.98937144029447e-08,6.93412865869455e-08,5.24016288977125e-08,3.74266815385571e-09,6.18042295119384e-08
6.84431612388823e-08,8.40611442446156e-08,5.22393347724939e-08,6.7117942342332e-08,5.16362331417974e-08,4.86683962340521e-09,6.37327075641576e-08
6.7440596933441e-08,8.28570033913109e-08,4.96390220161614e-08,6.55450478822316e-08,5.07204165076727e-08,4.99196728193592e-09,6.16846954548357e-08
6.63917904144291e-08,8.28124631882786e-08,5.13044129036126e-08,6.40463100023203e-08,5.02684370264971e-08,4.37437350474103e-09,5.94143594964045e-08
6.72665958437422e-08,8.01309290217682e-08,4.84185452853078e-08,6.51152473231378e-08,5.32001084380581e-08,3.4039804038259e-09,6.07093130085342e-08
6.74887234398627e-08,7.79626678430573e-08,4.72076823339406e-08,6.17091215707674e-08,5.25305120105371e-08,5.77251194075078e-09,6.04748769069181e-08
6.47515078964935e-08,8.10634365195809e-08,4.70824381972984e-08,6.41984090344121e-08,5.02487322160679e-08,4.14563390413777e-09,5.8308458885826e-08
6.7110036243157e-08,8.03219233705883e-08,4.64407788713912e-08,6.47494787344594e-08,5.41215818414098e-08,5.75072800971953e-09,5.73998398094327e-08
6.62626819027472e-08,7.90651910175238e-08,4.75566012702677e-08,6.34094393702912e-08,5.21677259313078e-08,4.57208555682071e-09,5.88760924699615e-08
6.5331741486286e-08,8.09990190322921e-08,4.70375807578083e-08,5.95179387544069e-08,5.33184409082597e-08,7.54750486740918e-09,5.54825820568407e-08
6.39596875257723e-08,7.874141758239e-08,4.65155384220644e-08,6.10584935343994e-08,5.09670834868197e-08,8.5512345965048e-09,5.90880896452244e-08
6.63985591284851e-08,7.81290229236643e-08,4.49220308155511e-08,6.09373786264422e-08,5.20885694623575e-08,8.68210540558087e-09,5.98618374127655e-08
6.59610162944725e-08,7.82149462081315e-08,4.13014902822535e-08,6.03030249575596e-08,5.37500239599077e-08,7.63891084257651e-09,5.66063336288757e-08
6.30483700245264e-08,7.77047540233023e-08,4.46319216333585e-08,5.86397852940145e-08,5.33400085123402e-08,6.53035705381534e-09,5.65282108939546e-08
6.24809500490353e-08,7.73644351307343e-08,4.28021567816378e-08,5.96821117320158e-08,5.21672735544404e-08,6.13536007000276e-09,5.47471137593997e-08
6.56995359122682e-08,7.57194332867268e-08,4.13317764084265e-08,6.09789753544296e-08,4.95148431139929e-08,1.1390687548228e-08,5.36989229257101e-08
6.36398250948787e-08,7.7078340665521e-08,3.93669959997385e-08,5.67395958378136e-08,5.02713960254588e-08,1.09122554807303e-08,5.32811820873062e-08
5.99741564302329e-08,7.4701231330763e-08,4.11472642349567e-08,5.71196771304425e-08,5.48538581082715e-08,9.93525870728632e-09,5.30820270401328e-08
6.21998772353077e-08,7.48849789664069e-08,4.11282297020987e-08,5.75718396408354e-08,5.52924440006624e-08,1.1134537452852e-08,5.28109027789078e-08
6.30020712262218e-08,7.4971580494427e-08,3.86095026008962e-08,5.37034242841955e-08,5.15101157888604e-08,1.40275899850134e-08,5.33303397255754e-08
6.02249813936975e-08,7.15790032273515e-08,3.69927729770874e-08,5.40838793507799e-08,5.19282713278471e-08,1.40303140605841e-08,5.34707041959454e-08
6.04186959978938e-08,7.18313900418949e-08,3.8686541235419e-08,5.49885799830845e-08,5.13447464168153e-08,1.43722044973003e-08,4.96571210318097e-08
6.26796266829785e-08,7.34172540139099e-08,3.69048522804863e-08,5.31739355378107e-08,5.20416782658281e-08,1.15267125776945e-08,5.28628146657748e-08
6.23648464921103e-08,7.11817330176752e-08,3.71070153061303e-08,5.6247866841516e-08,5.31855742812384e-08,1.38572357482219e-08,4.90178494903191e-08
5.93017314680816e-08,7.25235425864505e-08,3.50685002213589e-08,5.12058092091136e-08,5.41165951620943e-08,1.67212219441133e-08,4.95400012748065e-08
6.12919450311685e-08,6.9731516489331e-08,3.76501122350069e-08,5.24709294951383e-08,5.22405185664265e-08,1.48297162671437e-08,4.75985524160802e-08
5.8512919061674e-08,7.12281512692679e-08,3.63051965699115e-08,5.10415641164362e-08,5.53904243184065e-08,1.72041185100853e-08,4.90426780619638e-08
5.82999015237248e-08,7.00441746430027e-08,3.4491019059109e-08,5.01199019241461e-08,5.38477633814783e-08,1.68693627048037e-08,5.03702980482339e-08
6.04443471072448e-08,6.86111709867164e-08,3.24078239885261e-08,5.11570432523365e-08,5.53834728830265e-08,1.74934830139679e-08,4.78757047823867e-08
5.78967113318665e-08,7.06062159208894e-08,3.11055449584248e-08,4.78948897515691e-08,5.63751185339525e-08,1.81698671474955e-08,4.7229466692133e-08
5.68875734681568e-08,6.90523888151891e-08,3.12027856881075e-08,4.8274192744112e-08,5.36364284416646e-08,1.87355504238292e-08,4.60035899533603e-08
5.64141659509734e-08,6.63909059191977e-08,3.5025606827268e-08,4.94737721988902e-08,5.54724348512427e-08,1.97832679808225e-08,4.62817271279792e-08
5.73845070553845e-08,6.66914223738076e-08,2.98520474693038e-08,4.86922223172313e-08,5.56867318056261e-08,1.94099968088129e-08,4.42059156473344e-08
5.57562726662111e-08,6.80732224799141e-08,3.1022838372761e-08,4.82408943530401e-08,5.70260566294553e-08,1.93701591786701e-08,4.54976377146605e-08
5.74609319504808e-08,6.67415413167828e-08,3.13360365013457e-08,4.90927401555731e-08,5.55281496105978e-08,2.1044679562832e-08,4.93911401770559e-08
5.37101243179545e-08,6.52368297349082e-08,2.91208519279742e-08,4.73917581198297e-08,5.47589123560637e-08,2.19019236475156e-08,4.55595056780111e-08
5.65119013043358e-08,6.58192044623456e-08,3.13989120981306e-08,4.41351567052117e-08,5.56984831222896e-08,2.28860679768866e-08,4.34505172704198e-08
5.50454857904694e-08,6.6734352443382e-08,2.85829178303476e-08,4.44087956906933e-08,5.73543930930518e-08,2.26583293056232e-08,4.48678527101062e-08
5.52169830003034e-08,6.65826274418942e-08,2.90866815217139e-08,4.4027032542737e-08,5.63702311639243e-08,2.40764804962209e-08,4.22937492132969e-08
5.33912174481851e-08,6.48895263523893e-08,2.59608740746048e-08,4.26602331540181e-08,5.59655225809384e-08,2.40165400458852e-08,4.15861345562174e-08
5.38001007088237e-08,6.54279630869891e-08,2.55935837286936e-08,4.40017789334609e-08,5.81003709693571e-08,2.42613175614499e-08,4.03505688423827e-08
5.5099483677778e-08,6.71495161354767e-08,2.64353016005623e-08,4.02602036247146e-08,5.49929343068172e-08,2.46582934551311e-08,4.11306242480878e-08
5.10644255613875e-08,6.17140810913908e-08,2.74071674582843e-08,4.45275278108246e-08,5.8231065188502e-08,2.54077246137776e-08,4.00930595153807e-08
5.31114605957406e-08,6.36975209866862e-08,2.40919064473766e-08,4.13106129519355e-08,5.86788547629776e-08,2.66348028934023e-08,4.03937742809592e-08
5.16072256247308e-08,6.43814127570548e-08,2.63778119528408e-08,4.18306338977464e-08,5.83979935874206e-08,2.81248521739665e-08,4.22811525727929e-08
5.07683388193824e-08,6.37099174451014e-08,2.23417035006159e-08,3.95137736144793e-08,5.77670177402714e-08,2.76765611503457e-08,3.72872097006736e-08
5.15692769570808e-08,6.00228764106881e-08,2.45001091893376e-08,3.61924803389001e-08,5.79966142004765e-08,2.88270578772003e-08,3.76692553824094e-08
5.41223518409376e-08,6.13124009528953e-08,2.17924449383546e-08,3.80728904841548e-08,6.04199103670529e-08,3.04495088333281e-08,3.62551076380991e-08
5.28634737813558e-08,6.23404150575327e-08,2.38318165979673e-08,3.85808537850258e-08,5.93162974637876e-08,3.02393483461706e-08,3.73498040536011e-08
5.26569735729137e-08,5.87326225954765e-08,2.15142373798316e-08,3.80263376895419e-08,5.86040987064222e-08,2.90391170044422e-08,3.81828598227983e-08
5.33298643537819e-08,6.11512568798259e-08,1.96273660239382e-08,3.88857522964074e-08,5.92070258296211e-08,2.99262854428962e-08,3.69435062860565e-08
5.35259900237725e-08,6.02787291666915e-08,2.39376410841883e-08,3.56288281763611e-08,6.0102959113602e-08,3.0009929538676e-08,3.50244966236074e-08
5.15062936476919e-08,6.08433921675997e-08,1.7030956311454e-08,3.44602978710034e-08,5.9510108843874e-08,3.40001679913287e-08,3.55007548873391e-08
5.0497642912464e-08,5.93713373997565e-08,1.72178135592068e-08,3.50715259209764e-08,6.15926934792854e-08,3.17055083074154e-08,3.43410156104268e-08
5.04106966055668e-08,6.03520137691046e-08,1.5798918805172e-08,3.36827435876431e-08,6.16270698177791e-08,3.3029607435745e-08,3.58883500709745e-08
4.90396463198986e-08,5.84245099427217e-08,1.81468799210291e-08,3.05826856099454e-08,6.37250263505166e-08,3.38690722153993e-08,3.39182056674063e-08
5.28322233485885e-08,5.8776041274412e-08,1.70619361015014e-08,3.41135531833341e-08,6.02826823297572e-08,3.61563699450315e-08,3.69764532024674e-08
5.02107862230648e-08,5.99631197678932e-08,1.68921615536999e-08,3.17027093460131e-08,6.16430477043501e-08,3.64811440617493e-08,3.61824065121116e-08
5.21188836781104e-08,5.52760780890813e-08,1.76071359663129e-08,3.28420433135274e-08,6.29075384452192e-08,3.50545788795673e-08,3.16963560167399e-08
5.02089999848662e-08,5.74685206863108e-08,1.78845075986615e-08,3.21348142561401e-08,6.27060912368243e-08,3.54450350828651e-08,3.38200206645814e-08
4.92961824088663e-08,5.84472003183369e-08,1.3252832658287e-08,3.04725287767068e-08,6.40194302982719e-08,3.64383893526193e-08,3.2182886929467e-08
4.88374649193494e-08,5.65935450673143e-08,1.24453123571774e-08,3.19382339233026e-08,6.41346249695103e-08,3.86210302189679e-08,3.19739889647537e-08
4.84525918538825e-08,5.62522788873493e-08,1.53211784457271e-08,2.99314135108758e-08,6.40551543390538e-08,3.86779086560359e-08,3.10709591816705e-08
4.77686287846987e-08,5.49561610963881e-08,1.27984288873615e-08,2.98045175047301e-08,6.25698525295381e-08,3.83506184421127e-08,3.52177623232951e-08
4.76989746153444e-08,5.65394284516155e-08,1.23781834906785e-08,2.78479172064998e-08,6.50758825547757e-08,3.89514024111102e-08,3.07489723841502e-08
4.92582393554401e-08,5.53836334775001e-08,1.21938650663455e-08,2.97439382588091e-08,6.48124649570679e-08,3.96963536514623e-08,2.73969333721512e-08
5.07545891133089e-08,5.51656656392492e-08,1.2307776951019e-08,2.77311922914798e-08,6.67954087146244e-08,4.17343754254613e-08,3.16322926135813e-08
4.96436507810685e-08,5.62896397718323e-08,1.16879249126008e-08,2.73932182313891e-08,6.4795811091412e-08,4.22038430059706e-08,3.22752071338908e-08
4.6658544625806e-08,5.41967806318467e-08,8.37577395027015e-09,2.37232206246836e-08,6.38796087807528e-08,4.27977092935224e-08,2.87142026530877e-08
4.92401476428753e-08,5.53305088229793e-08,8.39586443736071e-09,2.44441138558706e-08,6.71818202882358e-08,4.30644855183364e-08,2.95385080541358e-08
4.73184825749827e-08,5.3111928517269e-08,9.39581736166356e-09,2.54327608507572e-08,6.69099356271919e-08,4.44574969042832e-08,3.08432591848119e-08
4.78045535528465e-08,5.26585767258563e-08,8.07215136420486e-09,2.50756360297656e-08,6.77044402548297e-08,4.03419147641846e-08,2.91206568735581e-08
4.80353500071466e-08,5.339230475303e-08,7.77833397710369e-09,2.38766833686627e-08,6.75272712619595e-08,4.40169137940096e-08,3.10139879041727e-08
4.76742635360015e-08,5.39635648431784e-08,9.0335317039775e-09,1.92019163446835e-08,6.75167903701162e-08,4.3224630662719e-08,2.82473960186732e-08
4.70596228178156e-08,5.41588408566974e-08,6.31130217552359e-09,2.03037545041292e-08,6.98316960691942e-08,4.51673196475574e-08,3.0484027130508e-08
4.91125113433661e-08,4.99310917437473e-08,8.122631563862e-09,2.31901722027187e-08,6.88660533459983e-08,4.40467568545282e-08,3.11902379854279e-08
4.75939571051264e-08,5.04103141348063e-08,7.38804689220341e-09,1.96177046782542e-08,6.92179743421546e-08,4.59441202342202e-08,2.84021203542659e-08
4.72228605620911e-08,5.36680776928517e-08,8.03803279543224e-09,1.92924950033169e-08,7.07772489280662e-08,4.70621256158753e-08,2.78840408953467e-08
4.60936359147534e-08,5.16222417762459e-08,5.31398409728456e-09,2.16340437815434e-08,7.11406017599226e-08,4.69042751957395e-08,2.63179989629432e-08
4.83802689379662e-08,5.20664005039578e-08,6.03019074265035e-09,1.7272154850167e-08,6.85065794331512e-08,5.04473499487728e-08,2.52057233452131e-08
4.38249920506676e-08,5.10175089406162e-08,8.604369939722e-09,1.74871894836185e-08,6.87495669113445e-08,4.96671694333803e-08,2.90968624813237e-08
4.5177940449137e-08,5.06833160402798e-08,5.38478846300719e-09,1.86888718863934e-08,7.41823122376939e-08,5.02559086689717e-08,2.50639273652292e-08
4.80232184837188e-08,5.13898097268094e-08,5.96950661698609e-09,1.57144606376584e-08,7.1886048683386e-08,5.10776312965686e-08,2.83319956508145e-08
4.66774284895673e-08,4.95392115764104e-08,5.18182854477719e-09,1.85044788409675e-08,7.05211482657251e-08,5.29172535435344e-08,2.73743462648259e-08
4.6364609879799e-08,5.1075170917357e-08,6.74738162609777e-09,1.70032091436087e-08,7.07845551508251e-08,5.12442140834247e-08,2.49214854896295e-08
5.1126803487003e-08,5.13986416901365e-08,8.49753861366779e-09,1.51239129012055e-08,6.89093476724795e-08,5.29510835766902e-08,2.72460907584546e-08
4.87136526560268e-08,4.95260470672966e-08,6.64944176558057e-09,1.37519377327971e-08,7.31977949958406e-08,5.48424427371626e-08,2.78106687319952e-08
4.91754172145316e-08,5.03821296713476e-08,5.27401458459844e-09,1.50234802994618e-08,7.5068391870438e-08,5.20703080063401e-08,2.68761519265611e-08
4.5820036236095e-08,4.77842862362463e-08,6.33460036978615e-09,1.44097138702942e-08,7.43919671122486e-08,5.41380321425488e-08,2.3894148656881e-08
4.85567174910624e-08,4.99401015899714e-08,6.517685276145e-09,1.39777291796415e-08,7.10373197979601e-08,5.47065105685458e-08,2.59930966291417e-08
4.60276805848468e-08,4.91700510946943e-08,6.45203626678719e-09,1.59280107219533e-08,7.36410781989631e-08,5.29021806389197e-08,2.4418868806384e-08
4.59958646310136e-08,4.69379919109011e-08,5.37619254101935e-09,1.15012179732502e-08,7.42167982316289e-08,5.40073003574351e-08,2.2778453018552e-08
4.58645626264241e-08,4.87939093393109e-08,4.54077653315664e-09,1.62297360140928e-08,7.54202958878932e-08,5.48422227201613e-08,2.48481443503854e-08
4.70475884987697e-08,4.93101833758859e-08,5.91014895765052e-09,1.43671178111942e-08,7.4233076219321e-08,5.08356711016547e-08,2.43595182250175e-08
4.42708479134943e-08,4.84636300328596e-08,3.65730159823794e-09,1.2122273562908e-08,7.01604464137881e-08,5.37559075167918e-08,2.35474310416196e-08
4.53993378151202e-08,4.80708174617546e-08,2.46334821131808e-09,1.38820018277872e-08,7.46469003321951e-08,5.53634826790713e-08,2.43480804216084e-08
4.7157431247699e-08,4.59438050228899e-08,5.7164681550903e-09,1.4039480168518e-08,7.15618600046559e-08,5.29777311338758e-08,2.10522662534254e-08
4.31578225052718e-08,4.56768416818964e-08,5.47831958479186e-09,1.34736971958293e-08,7.40115608705519e-08,5.35340991104291e-08,2.22213794030063e-08
4.011327046475e-08,4.72196011971815e-08,5.41194526894761e-09,1.33327652852025e-08,6.95343069192378e-08,5.10134348266332e-08,2.22896063679458e-08
4.51558045985145e-08,4.5664182067148e-08,7.33812061997857e-09,1.52571808310279e-08,6.92076600704083e-08,5.57671741235375e-08,2.32315633828903e-08
4.36888186845479e-08,4.74484279945057e-08,8.13497045048395e-09,1.38594254933576e-08,7.33669087023934e-08,5.36799207145663e-08,2.18189264947929e-08
4.24920226807078e-08,4.39351710154647e-08,5.8221095141822e-09,1.46714736733271e-08,7.11469445089029e-08,5.3541661621382e-08,1.81074390329905e-08
4.30851728446404e-08,4.44631606268883e-08,7.020636093644e-09,1.24678629023772e-08,6.89817798592352e-08,5.4745974251485e-08,2.22214625719284e-08
4.11691962883549e-08,4.17029265919534e-08,5.62616876456985e-09,1.4025332131794e-08,7.15491707549e-08,5.50355676597583e-08,1.76122493379104e-08
4.02658851836808e-08,4.4894321750636e-08,5.06075478164621e-09,1.25129853917476e-08,7.09025657132588e-08,5.40506918532602e-08,1.80598953697948e-08
3.9828612112261e-08,4.23201919051587e-08,6.25610699679862e-09,1.35524309766108e-08,7.06207825419285e-08,5.53417367628844e-08,1.81705037262787e-08
3.72417899126156e-08,4.00855357460537e-08,8.24295590288595e-09,1.29035209327052e-08,7.18507765487064e-08,5.61629219323087e-08,1.89837376956327e-08
4.07164574210693e-08,4.2072498004563e-08,6.72055332030041e-09,1.49324194711773e-08,6.81154517814303e-08,5.55936867680405e-08,1.66145117283608e-08
3.70956634012001e-08,4.20356142614799e-08,6.3680959534337e-09,1.53199721699125e-08,6.73813967921929e-08,5.38724472754662e-08,1.9262251718983e-08
3.64091391924099e-08,4.04085053506181e-08,7.5357762092412e-09,1.45985361757465e-08,6.87824754818319e-08,5.30375595478491e-08,1.70577153107903e-08
3.87358294471899e-08,4.0537094032699e-08,9.55563269253211e-09,1.58685298540098e-08,7.00366685804339e-08,5.78369086024217e-08,1.69259203139247e-08
3.66915532078451e-08,4.00595691020923e-08,8.59986154604275e-09,1.52504137023282e-08,6.55340846314772e-08,5.56342468083253e-08,1.49773943151412e-08
3.76546775662366e-08,3.89365004341279e-08,1.00383395685417e-08,1.54070180088365e-08,7.0646267197899e-08,5.37225076986168e-08,1.52004593086008e-08
3.67190002428219e-08,3.86832559553638e-08,9.41538236428673e-09,1.60022252604165e-08,6.72587417816139e-08,5.33208393121019e-08,1.68199020524171e-08
3.68796913666891e-08,4.07940038157471e-08,1.03900133386115e-08,1.53421458917045e-08,6.55778040610554e-08,5.25259731987189e-08,1.75844313678668e-08
3.46630158405972e-08,3.82908340500249e-08,7.36272577675169e-09,1.62612817057469e-08,6.63727821575636e-08,5.42905813438857e-08,1.32770407628777e-08
3.53755474311095e-08,3.91875140263511e-08,9.10360825498606e-09,1.75852491098203e-08,6.73542186895168e-08,5.44814303623679e-08,1.54857990274944e-08
3.68014400163302e-08,3.539060554606e-08,9.6676304085728e-09,1.71914203313789e-08,6.94685768270134e-08,5.51994530679472e-08,1.34162091507902e-08
3.31086910424365e-08,3.72700856689934e-08,1.12294261842977e-08,1.73880605605197e-08,6.57406349278969e-08,5.65818826267123e-08,1.6877004294568e-08
3.76526162052923e-08,3.46119914277796e-08,1.44166814024952e-08,1.69705170440255e-08,6.46492889510714e-08,5.4918684775548e-08,1.32011662601607e-08
3.38409069200532e-08,3.73479077468981e-08,1.09693983390932e-08,1.84997549469728e-08,6.32589895482507e-08,5.4722886226787e-08,1.40121328249751e-08
3.33978262414861e-08,3.49072304069828e-08,1.32206883840726e-08,1.77571382864449e-08,6.41990637144941e-08,5.31404061700789e-08,1.2216622208201e-08
3.32956221844831e-08,3.56024824939004e-08,1.24333138861795e-08,1.82730702686696e-08,6.28354434145936e-08,5.35197359153109e-08,1.40859782336377e-08
3.49398760755659e-08,3.56867471617563e-08,1.39089045808619e-08,1.69100330972251e-08,6.47544450930862e-08,5.5188948112993e-08,1.28578107007017e-08
3.13044389672851e-08,3.35709847366068e-08,1.15660128369984e-08,1.79085111154434e-08,6.39064969350349e-08,5.62233476860117e-08,1.2422425285997e-08
3.2623450023925e-08,3.56484226985674e-08,1.37413739685611e-08,1.9454624425495e-08,6.47923588580841e-08,5.48504312976521e-08,1.12775423987547e-08
3.04676050175481e-08,3.34047816936102e-08,1.40660042560892e-08,1.81948966003885e-08,6.30739167447685e-08,5.76695639321012e-08,1.13038655316256e-08
2.88023119316122e-08,3.12023861468467e-08,1.51028990003812e-08,1.75796445854872e-08,6.38568675769887e-08,5.61576157105979e-08,1.06404368140683e-08
3.06058041410463e-08,3.49213909868131e-08,1.44186914237219e-08,1.89457708038119e-08,6.47584596141099e-08,5.59225586949921e-08,7.33774154873274e-09
3.14862153998526e-08,3.0866274987656e-08,1.48034192416245e-08,1.67483444903127e-08,6.08393512772105e-08,5.49353667927349e-08,1.0534654311162e-08
3.0842515942388e-08,3.08378728221328e-08,1.78294490566698e-08,1.7609326593528e-08,6.17573269695164e-08,5.73486773857089e-08,1.13851676157241e-08
2.94215823346485e-08,2.98517110802201e-08,1.65843036844431e-08,2.03335254630463e-08,6.22624309601781e-08,5.75137697509424e-08,8.09909171278659e-09
2.99423150566306e-08,3.18735285081923e-08,1.73155855052089e-08,2.17676634399619e-08,6.42081616614631e-08,5.76112240253307e-08,7.93905947413622e-09
2.69708036014309e-08,3.19633041554418e-08,1.59277601857895e-08,2.33289685985819e-08,6.23580386928066e-08,5.72976164401592e-08,9.49581885755488e-09
2.80935247525881e-08,3.45542208718181e-08,1.47850284238577e-08,1.98533427452912e-08,5.88036114405729e-08,5.61900720880807e-08,8.19395116768503e-09
2.7780363932998e-08,3.19721618140393e-08,1.82292199704188e-08,2.2396447525824e-08,6.3436898465086e-08,5.63827771653918e-08,8.94360480011029e-09
2.74509567242696e-08,3.16462430143747e-08,1.72273264973226e-08,2.22012336602069e-08,6.10448901302066e-08,5.64467974470797e-08,7.3040232932402e-09
2.64601364909952e-08,3.30733709892255e-08,1.71862694363855e-08,2.29066552716492e-08,6.04169824121292e-08,5.65796720676388e-08,8.01847723966314e-09
2.509377125536e-08,3.27555179554438e-08,1.85385213633279e-08,2.19761826789019e-08,6.12704090201409e-08,5.82275877518697e-08,5.04290312173346e-09
2.6301492617181e-08,3.01028305756206e-08,2.1447752396236e-08,2.39597597813421e-08,6.29568773971427e-08,5.8009468976878e-08,6.95603267713193e-09
2.45393984554442e-08,2.77302039059023e-08,1.91726717360503e-08,2.46973511952951e-08,6.07225370058684e-08,5.86075636608105e-08,4.64145190362723e-09
2.73976114549796e-08,2.66156330622702e-08,1.96499019257122e-08,2.43118780490113e-08,5.90787394284649e-08,5.92337730468128e-08,5.65807384806725e-09
2.55441465025199e-08,2.66069345479085e-08,1.98614423721151e-08,2.41615551369082e-08,6.0678319999293e-08,5.65031435415513e-08,5.94029140975193e-09
2.44615654025359e-08,2.84812172698683e-08,2.29081769174217e-08,2.54662963189179e-08,6.14995080351494e-08,5.87340299935542e-08,4.33483071576909e-09
2.28284314090913e-08,2.86587235287216e-08,2.21941273903148e-08,2.4522416416305e-08,6.00939935244429e-08,5.84271704647835e-08,5.69310124672265e-09
2.22172133323352e-08,2.76865907918503e-08,2.05306651268372e-08,2.48252808168255e-08,5.98245227563376e-08,5.62926387676484e-08,3.57337044602012e-09
2.51354237323078e-08,2.4738421430606e-08,2.09335745905769e-08,2.63123468379981e-08,5.93967681433345e-08,5.92056752852996e-08,5.18739957426107e-09
2.26114157270438e-08,2.91164620896504e-08,1.88418286920965e-08,2.59743237061707e-08,5.78387602524666e-08,5.8799380143436e-08,7.0253192133723e-09
2.25340293440223e-08,2.56948472791084e-08,2.20224704028419e-08,2.36800326015029e-08,5.70176544547868e-08,6.15634098377471e-08,4.29909571985337e-09
1.9631505830804e-08,2.64914768082997e-08,2.08321858811454e-08,2.75008727564189e-08,5.82822082257728e-08,5.74303516658918e-08,4.95937505276674e-09
2.24689239195385e-08,2.6759069886782e-08,2.52245962401275e-08,2.70765846633395e-08,5.70358420941388e-08,5.95230336929661e-08,4.53747468198693e-09
2.06848743399522e-08,2.4106630326912e-08,2.5440879728139e-08,2.58128302520219e-08,5.9018782004311e-08,5.90038767989998e-08,7.07003995552238e-09
2.16882588053562e-08,2.58908680180147e-08,2.50759824736669e-08,2.71445443141563e-08,5.47652348807899e-08,6.08463281751271e-08,3.11220609333994e-09
2.06313426341403e-08,2.45422283584106e-08,2.56248426250216e-08,3.01973384399762e-08,5.84158331617182e-08,5.83495427899538e-08,7.04760782225085e-09
2.28644391157393e-08,2.47774357054301e-08,2.65433521394269e-08,2.98592067687815e-08,5.83424188784228e-08,6.14724445833983e-08,6.18506984053991e-09
1.91950169508522e-08,2.24461947706438e-08,2.56854295590239e-08,2.57795740976444e-08,5.44697724468468e-08,5.92496891872112e-08,6.03350725449756e-09
1.81566147277194e-08,2.48177626664536e-08,2.61160850316448e-08,2.99974017190051e-08,5.59974328808435e-08,6.02329230132324e-08,6.54039023314481e-09
2.02924990561803e-08,2.28319525241534e-08,2.73900522314994e-08,3.06533427953817e-08,5.66171563021161e-08,6.0913020308963e-08,6.63073992056691e-09
1.75642371583286e-08,2.24189809127085e-08,2.91844533157915e-08,3.17948662678188e-08,5.74091357887949e-08,6.15302298504903e-08,7.957007070318e-09
1.55843564193554e-08,2.134745368019e-08,2.93838307469756e-08,2.89079707732663e-08,5.65640421094886e-08,6.12646740496078e-08,7.90080398129797e-09
1.75655791545521e-08,2.40989067843784e-08,2.79866072226517e-08,3.2409986846946e-08,5.59156892831949e-08,6.37633636746047e-08,8.04007658534774e-09
1.53428389437594e-08,2.165291928892e-08,2.81283275515802e-08,3.18004889978178e-08,5.63576860038544e-08,5.95975026159591e-08,8.18757115171777e-09
1.69844954887101e-08,1.94301002546363e-08,3.01805170226647e-08,3.2092805295494e-08,5.73101063877516e-08,6.34405128758791e-08,9.33953789325e-09
1.53243057180368e-08,1.94010963653994e-08,2.97842503369878e-08,3.27184263851923e-08,5.55196324176649e-08,6.04653171691218e-08,1.03325598518747e-08
1.56201150584243e-08,2.03787306980907e-08,3.00544424730831e-08,3.23494424969441e-08,5.58514288427522e-08,6.25898990201548e-08,1.04364998428509e-08
1.66639750622752e-08,1.94825648155074e-08,2.84949193030874e-08,3.27663669101948e-08,5.5791062696573e-08,6.14000270992395e-08,7.83731668140436e-09
1.52350271875447e-08,1.80713230818039e-08,3.2130862203761e-08,3.25982023176621e-08,5.59009270157702e-08,6.1618699231494e-08,9.80448131702638e-09
1.40383646429423e-08,1.85086823703775e-08,2.87420599652192e-08,3.1421645525457e-08,5.47813171769571e-08,6.1804949855754e-08,7.49113009971442e-09
1.36247803321225e-08,1.88043093667945e-08,3.22375352254785e-08,3.52170990659332e-08,5.64402283689849e-08,6.2207809561797e-08,1.167290797142e-08
1.50724570018442e-08,1.8454820567497e-08,3.02102473912571e-08,3.56439440660064e-08,5.49205429147401e-08,6.16555227469705e-08,9.94273964886397e-09
1.50135254123341e-08,1.80995213950995e-08,3.26303706203877e-08,3.28406737487294e-08,5.48374108597377e-08,6.28982975053655e-08,7.84487189606778e-09
1.36755640714813e-08,1.72340548252445e-08,3.04745171581854e-08,3.49274190983741e-08,5.60966760392359e-08,6.31163414308895e-08,1.22161589190048e-08
1.27990203065792e-08,1.8912073833744e-08,2.9789606071886e-08,3.73203377366108e-08,5.55312152379055e-08,6.2624708796624e-08,1.2353238693227e-08
1.09318104974423e-08,1.79978208618819e-08,3.45612952895766e-08,3.65887495146967e-08,5.7024059985518e-08,6.28320245057433e-08,1.25613185970535e-08
1.1425748181764e-08,1.7737851782807e-08,3.54985147201202e-08,3.68236493357291e-08,5.4074426272542e-08,6.49960111411065e-08,1.2376345403634e-08
1.02777194704046e-08,1.85033255350967e-08,3.33250978772323e-08,3.82309288336997e-08,5.55796847406953e-08,6.57704289793691e-08,1.39413791409258e-08
8.37930550960454e-09,1.46647083399878e-08,3.64883012002028e-08,3.65304005693473e-08,5.36786897515904e-08,6.4524823730254e-08,1.17450664341321e-08
8.76165490465485e-09,1.79060933177984e-08,3.30365623788308e-08,3.66121277233652e-08,5.3903736003088e-08,6.75513125733359e-08,1.36856672559203e-08
1.15525558315418e-08,1.56659886002712e-08,3.74526709531444e-08,4.01742006828209e-08,5.4980449954304e-08,6.27623252416476e-08,1.43856864551746e-08
8.77574509890593e-09,1.65849578687942e-08,3.7802986184443e-08,3.72689592347269e-08,5.58833839122059e-08,6.554553541715e-08,1.49842464698656e-08
1.11787279369143e-08,1.45397877042479e-08,3.45234365374622e-08,4.01150413273252e-08,5.36731389542435e-08,6.83460781044716e-08,1.43126066016904e-08
1.00845799197932e-08,1.59999248981158e-08,3.69612658316224e-08,3.84488657720657e-08,5.44330174484636e-08,6.77999359077942e-08,1.46126685437417e-08
9.86765818862837e-09,1.69793220519134e-08,3.85620888057158e-08,3.86206199542054e-08,5.60944956071607e-08,6.82212639885929e-08,1.75283814667976e-08
7.87695223529936e-09,1.71975080829001e-08,3.7738716631406e-08,3.99192147496661e-08,5.43885656107319e-08,6.57992007765491e-08,1.58543503871074e-08
8.69575678467813e-09,1.60186977765625e-08,3.73528887435661e-08,3.63582315403053e-08,5.49490566446353e-08,6.53575237993792e-08,1.59402808227489e-08
7.6110724621201e-09,1.35431529121251e-08,4.09637065642854e-08,4.02249845556258e-08,5.53658240863333e-08,6.5925725091243e-08,2.00999316292101e-08
6.04417647452412e-09,1.80648083529536e-08,3.97300473760306e-08,4.18713570272479e-08,5.27387043630862e-08,6.90087777741392e-08,1.97657776534975e-08
6.10096956579889e-09,1.42861235269801e-08,4.15766895581367e-08,4.4011849479415e-08,5.2526638274984e-08,6.49472657218179e-08,1.86068991189573e-08
6.10619547082919e-09,1.55916087267499e-08,4.16247914129666e-08,4.55684037917756e-08,5.1760722202429e-08,6.78283780496324e-08,1.84443888278495e-08
7.8895565355732e-09,1.41612555236348e-08,4.11973015636538e-08,4.61111011082897e-08,5.39645200564776e-08,6.98151038034136e-08,2.02313986956423e-08
5.93233073455315e-09,1.20627671867885e-08,4.08653658523938e-08,4.18172661417516e-08,5.50897048669785e-08,7.11450350104089e-08,2.07227108002286e-08
6.63109901807036e-09,1.32443252955649e-08,4.20253995561066e-08,4.35878632615372e-08,5.5184052581224e-08,7.20225861714478e-08,1.57036434130214e-08
8.98811889975172e-09,1.14871738326904e-08,4.28724264450412e-08,4.61699600254541e-08,5.66482518778105e-08,7.16604348541699e-08,1.93954303619452e-08
8.35071036791035e-09,8.23693738323474e-09,3.97937452422103e-08,4.26365489986856e-08,5.82313019303036e-08,7.08877207853014e-08,2.08009707844411e-08
9.73573661700397e-09,1.02434152732548e-08,4.26593005229055e-08,4.37811121832664e-08,5.88818067719285e-08,7.30859731521501e-08,2.01316276114828e-08
9.69458461627616e-09,1.02114064237035e-08,4.15919643994671e-08,4.37179381181755e-08,5.62971398304246e-08,7.36894281953319e-08,1.93815981878113e-08
1.24939415405991e-08,6.33454290319506e-09,4.17041149889716e-08,4.21703762260749e-08,5.95629470927186e-08,7.49491204725461e-08,2.18315478691397e-08
1.169427480709e-08,9.8755403100825e-09,4.16191362175822e-08,4.41140599845478e-08,6.14139084394837e-08,7.25438076960907e-08,1.99320048327451e-08
1.31186263555351e-08,7.35228775522007e-09,4.35816057589216e-08,4.17104269193347e-08,6.31768895587902e-08,7.63896168528265e-08,2.08062881035437e-08
1.29401490214663e-08,7.7726814613167e-09,4.24792816934045e-08,4.52766633530429e-08,6.43989971970124e-08,7.74867047502548e-08,2.03038247761957e-08
1.43105317408952e-08,7.88389804107126e-09,4.24270079862667e-08,4.13046132660266e-08,6.47574117371303e-08,7.73055964810563e-08,2.28086513883826e-08
1.36615340561671e-08,6.92711900595932e-09,4.27897698937817e-08,3.97714459200883e-08,6.1999146325009e-08,7.71905876504691e-08,1.98033568774508e-08
1.68126427781872e-08,4.87127293522355e-09,4.36004333933138e-08,3.78847878854736e-08,6.26722899132821e-08,7.5120926831896e-08,2.09859103544825e-08
1.52440259199505e-08,8.67538332258877e-09,3.87883089659264e-08,4.09843028932618e-08,6.42253092947572e-08,7.58036832619476e-08,1.95652769030572e-08
1.85377419849396e-08,8.04437942739031e-09,4.06258716906417e-08,4.10237457342888e-08,6.50454637628848e-08,7.59144044721251e-08,1.751095636796e-08
1.53275042008726e-08,9.37740953735053e-09,4.34615105646357e-08,3.5469323682047e-08,6.55334854235167e-08,7.7306480185773e-08,1.77928825354459e-08
1.64386978380566e-08,9.1727227452274e-09,4.01613890579603e-08,3.90535173591492e-08,6.57271175932784e-08,7.58479792174205e-08,1.98629797734327e-08
1.79607720470427e-08,7.08215213550763e-09,4.07135089031498e-08,3.77081208882009e-08,6.64184499777108e-08,7.72038390607989e-08,1.55783257936464e-08
1.98611537747886e-08,8.23542478968764e-09,3.87083639885243e-08,3.75842183397762e-08,6.46148287592636e-08,7.440067085524e-08,1.66361481003802e-08
1.77937748872822e-08,1.09141498240614e-08,3.8616507202384e-08,3.68448590045487e-08,6.57899005433344e-08,7.58272205332325e-08,1.4893951131709e-08
1.47308933817073e-08,1.08467915241713e-08,3.97061317945902e-08,3.72054792091669e-08,6.32827561675439e-08,7.6675470565337e-08,1.54623175909184e-08
1.82098124490725e-08,9.59458104495359e-09,3.5606708626768e-08,3.75377380245129e-08,6.65108966991725e-08,7.34077328201544e-08,1.35674994255156e-08
1.86858154367032e-08,1.08934677924977e-08,3.74295316267534e-08,3.69286180859016e-08,6.75379217961049e-08,7.45118391763598e-08,1.59275897854766e-08
1.86839232071891e-08,1.22521476898195e-08,3.70579501359881e-08,3.49602652435637e-08,6.69677452075287e-08,7.3958199429136e-08,1.62733948437809e-08
1.7912166414584e-08,1.16312833041375e-08,3.70812306910885e-08,3.3932074297567e-08,6.59772037025648e-08,7.51165412165574e-08,1.4800639723455e-08
1.82867819116017e-08,1.00828847761886e-08,3.59817668112334e-08,3.36822044933801e-08,6.68243810595398e-08,7.3654235854449e-08,1.49422854154265e-08
1.89179953838579e-08,1.46203552868219e-08,3.79818800294783e-08,3.31645684762518e-08,6.63121531112722e-08,7.51199899706132e-08,1.47589854028687e-08
1.97619101060941e-08,1.21552096030717e-08,3.57225572772323e-08,3.24389081509538e-08,6.60646178626227e-08,7.3919723735981e-08,1.31317130626577e-08
1.82513993872588e-08,1.23975358931045e-08,3.62492289929811e-08,3.40333765849403e-08,6.6359676100567e-08,7.32175211068013e-08,1.37801669006239e-08
1.92558940971999e-08,1.22031934402179e-08,3.44681579025724e-08,3.18155704847223e-08,6.72037536147182e-08,7.36417205011366e-08,1.35322421460551e-08
2.11225637791417e-08,1.62160869691996e-08,3.57644092888652e-08,3.1818191141487e-08,6.71476674032792e-08,6.89687343970399e-08,1.21108809528997e-08
2.07787815672495e-08,1.53340997596404e-08,3.47390274141554e-08,3.21652897304055e-08,6.89723499644232e-08,7.52410343425914e-08,1.34680469503624e-08
2.09539847583114e-08,1.49516396173229e-08,3.47975742187063e-08,3.26174338971362e-08,6.71606964548018e-08,7.22267924206326e-08,1.14565819143519e-08
2.11016603899269e-08,1.36846059876247e-08,3.25325055856164e-08,2.9642562832467e-08,6.63920352887744e-08,7.22005252561381e-08,1.29173734397792e-08
2.16800352791632e-08,1.58005662327231e-08,3.58644687769633e-08,2.97912193829813e-08,6.91691522607341e-08,7.19741163675853e-08,1.12663341719079e-08
2.06322279568867e-08,1.56661128647406e-08,3.1477027322765e-08,2.88581274655295e-08,6.54010045361805e-08,7.33784469261368e-08,1.15935720957482e-08
2.29388088334366e-08,1.53751441242184e-08,3.31535221736697e-08,2.96850743620782e-08,6.57797970713638e-08,7.25942091173572e-08,1.03344258422052e-08
2.11296865139645e-08,1.77765161098058e-08,3.31174147908867e-08,2.81315139686589e-08,6.88279211717907e-08,7.15985373108566e-08,1.08360262262482e-08
2.44700843896106e-08,1.78817910652152e-08,3.21479868448233e-08,2.85380542580327e-08,6.64243341280666e-08,7.06294131076378e-08,1.28679116296248e-08
2.08113840056936e-08,1.54612593880888e-08,2.76438379830237e-08,2.84955952231954e-08,6.67760300115226e-08,7.10286756129947e-08,9.81553285658653e-09
2.29772089958547e-08,1.82961155240933e-08,3.0662009253903e-08,2.75307691689457e-08,6.85301241215855e-08,7.15904813641112e-08,1.17869500478749e-08
2.30407343558139e-08,1.66159963155003e-08,2.90892830547174e-08,2.69941450580461e-08,6.9399460310444e-08,7.24671271361951e-08,9.75040480694743e-09
2.23602462270869e-08,1.90705447616855e-08,2.75202561639542e-08,2.57596384626818e-08,6.60020101729933e-08,7.11001911735489e-08,8.87133299759168e-09
2.40426827811652e-08,2.13671569872656e-08,3.15907424318931e-08,2.42285852008856e-08,6.85410689596942e-08,7.13357506373999e-08,9.95303902239338e-09
2.50790459330462e-08,1.97485185326836e-08,3.03325075914979e-08,2.50114911863419e-08,6.90459950263082e-08,6.99411048769364e-08,1.10008200995998e-08
2.42885130925529e-08,2.09471174305098e-08,2.83900753810082e-08,2.39282116995473e-08,7.00188736737286e-08,6.9084923889794e-08,8.1245880590977e-09
2.44156897341197e-08,2.03738640204744e-08,2.70203569100397e-08,2.44780949255092e-08,6.83116764785631e-08,7.08542581068668e-08,1.14259547704445e-08
2.64617089698122e-08,2.20645001571309e-08,2.89222707164793e-08,2.57015517953546e-08,6.78696565840732e-08,6.95360609874412e-08,9.87994746875375e-09
2.43289361354219e-08,2.36627331211749e-08,2.69251513243693e-08,2.52466870891165e-08,6.82231247205426e-08,7.05361315563855e-08,1.05001593160216e-08
2.91176969599128e-08,2.32021711266177e-08,2.69395022956304e-08,2.21000671979554e-08,6.94336256194353e-08,6.93682537374824e-08,8.82320434898546e-09
2.5754627809251e-08,2.48410938757178e-08,2.48216411948914e-08,2.22540341281604e-08,7.01314326307866e-08,7.15701451219927e-08,9.64349859006786e-09
2.71480595057475e-08,2.50463231949102e-08,2.67730729372386e-08,2.19438793893112e-08,7.16408510027579e-08,7.07106460416851e-08,7.09283948728724e-09
2.54051406970898e-08,2.16828633473462e-08,2.66032326170848e-08,2.25371094616293e-08,7.07949688018185e-08,7.19345213847673e-08,1.04790690857936e-08
2.64735051183299e-08,2.25656294834406e-08,2.75335262347627e-08,2.16487253772113e-08,6.85409955218289e-08,7.10898097526229e-08,7.12786945145903e-09
3.13098753239866e-08,2.39002794787593e-08,2.50896106740015e-08,2.10751058949076e-08,6.71420001666991e-08,6.96468432645878e-08,1.31675191715249e-08
2.61071199427623e-08,2.44552901241645e-08,2.41943461132357e-08,2.11881677411453e-08,6.7638915322891e-08,6.9635696105879e-08,8.63101913575667e-09
2.81178744119246e-08,2.69336320347603e-08,2.40284664188788e-08,1.96251968759384e-08,6.99586719539128e-08,6.96669658110206e-08,1.14823132829682e-08
2.99058602800571e-08,2.4780352160932e-08,2.42292852271344e-08,2.07608290486361e-08,7.06830680448091e-08,6.80976817973404e-08,1.06587057796281e-08
2.79926253299016e-08,2.67203812670082e-08,2.63976491020141e-08,2.19239389885784e-08,7.17395369355013e-08,7.22342822595119e-08,1.11177738363095e-08
2.89614118372324e-08,2.21893113721073e-08,2.42315569394372e-08,2.14986281726277e-08,6.72037965403483e-08,7.12615232498421e-08,9.10088604717763e-09
2.99185130887386e-08,2.73925399002798e-08,2.50780025979908e-08,2.04498485595025e-08,6.95167251075227e-08,6.87536022717491e-08,9.79597749487143e-09
2.95812717932595e-08,2.6587732485343e-08,2.41149864807697e-08,1.69010746721567e-08,7.13203673170489e-08,6.78846612761023e-08,1.16016562735527e-08
3.10156763788065e-08,2.71331526759925e-08,2.08754076301699e-08,1.87356017767698e-08,6.91154457131807e-08,7.05486230410963e-08,1.18455582198682e-08
3.02036422588084e-08,2.48108605124601e-08,2.30073883843154e-08,1.62500860763575e-08,7.50091265516637e-08,6.73205776209567e-08,1.27336236616144e-08
3.0372217788816e-08,2.85583652634354e-08,2.16063516413925e-08,1.65263169483126e-08,7.23136349417663e-08,6.65558592201665e-08,1.2937719929119e-08
3.09743253286891e-08,2.58967059873422e-08,2.21684426667322e-08,1.76402820561392e-08,7.36709830003534e-08,6.68081829369364e-08,1.13408152476414e-08
3.47827593617043e-08,2.91629822828827e-08,1.90806826649273e-08,1.5236211189918e-08,7.0594920064455e-08,6.8474707512804e-08,1.0843087189834e-08
3.06120290834621e-08,3.00451380620471e-08,2.07953450091143e-08,1.9223049341669e-08,7.35983952537661e-08,6.7817652073721e-08,1.41652383898547e-08
3.47752905431868e-08,3.01830276691071e-08,2.21321214552962e-08,1.74394147293282e-08,7.47426524988726e-08,6.81061799272698e-08,1.33905107655103e-08
3.68419432981233e-08,2.93889522116548e-08,2.11560151572386e-08,1.59321238283595e-08,7.27532850836889e-08,6.54710329415953e-08,1.3314623541904e-08
3.47699879972775e-08,3.30318148850286e-08,1.89741807684815e-08,1.52941772836725e-08,7.3795624467893e-08,6.61601903636245e-08,1.27465068094791e-08
3.1717718970696e-08,3.3096587957901e-08,2.02360330567501e-08,1.4106287641044e-08,7.35129087989474e-08,6.78296666262343e-08,1.30574492220909e-08
3.44449995009112e-08,3.13878634122391e-08,1.99783959994481e-08,1.50732612707752e-08,7.37238341361397e-08,6.64185317177704e-08,9.87802533980034e-09
3.52882057181905e-08,3.10770581553924e-08,1.94998147770769e-08,1.49982329152909e-08,7.36780197392255e-08,6.68228446123309e-08,1.55078975207254e-08
3.84278735743642e-08,3.45836625300863e-08,2.01592300132303e-08,1.35324341257026e-08,7.3458707140153e-08,6.80759414441853e-08,1.41141348620906e-08
3.70965302211486e-08,3.37859913319865e-08,1.94688207788842e-08,1.09640636337397e-08,7.1973974876995e-08,6.52299105630744e-08,1.4494982052081e-08
3.80405606753187e-08,3.33128707865532e-08,2.02017908559646e-08,1.01112673737918e-08,7.34935654411694e-08,6.60875578180436e-08,1.53018327979146e-08
3.49900815375893e-08,3.29539114051709e-08,1.80742709402402e-08,1.22165041409136e-08,7.50290553275437e-08,6.61262761655398e-08,1.65532082597073e-08
3.54691948553513e-08,3.20828070557655e-08,1.70401508400983e-08,1.05761051183554e-08,7.60674118084563e-08,6.98629491966768e-08,1.47504066303988e-08
3.52723136301507e-08,3.39063765204698e-08,1.43682923278145e-08,1.00598991638247e-08,7.68095761826724e-08,6.86998817298753e-08,1.48139854201632e-08
3.59161635803841e-08,3.57146764300275e-08,1.83759898460189e-08,9.87280710577512e-09,7.66577168977216e-08,6.69758234735864e-08,1.62744353009218e-08
3.75532243029334e-08,3.73446131684453e-08,1.99082843004825e-08,8.68514351000643e-09,7.52357318406156e-08,6.69099088916094e-08,1.60678849791324e-08
4.02166486252462e-08,3.33937082820672e-08,1.72603274027253e-08,9.34588751660006e-09,7.82644961355111e-08,6.49796507485009e-08,1.81565872556372e-08
3.88259406322772e-08,3.70083028544532e-08,1.61003740469267e-08,9.13780077842046e-09,7.39911306043641e-08,6.50432022814647e-08,1.55816158469968e-08
4.08377504397344e-08,3.61211562384591e-08,1.55323158089465e-08,6.44375906316057e-09,7.63991808936572e-08,6.42275207518264e-08,1.57725753181344e-08
3.885740815522e-08,3.54336506603369e-08,1.77839246584965e-08,9.93858598252247e-09,7.78051615547481e-08,6.55755883173857e-08,1.82843393993354e-08
4.0424310494046e-08,3.77732251960588e-08,1.38336862985896e-08,7.91566120740953e-09,7.87657592525086e-08,6.48624066560495e-08,1.84990103091167e-08
4.19063903932834e-08,3.78183866700456e-08,1.77477580344781e-08,8.56386702469149e-09,7.72421768477736e-08,6.67372872452506e-08,2.03841872440446e-08
4.3805428407325e-08,3.90745539062108e-08,1.65843730742149e-08,8.76845141361477e-09,7.83136548391566e-08,6.68722415816148e-08,1.83909002816572e-08
3.89399934475978e-08,3.88895002449107e-08,1.52540067397309e-08,7.82918177075059e-09,7.48070556390136e-08,6.74662725863895e-08,1.97506414309698e-08
4.27518628384425e-08,3.82514198958033e-08,1.5544886929191e-08,7.0897669410708e-09,7.90691892044473e-08,6.73373660068294e-08,1.82779270549334e-08
4.24872109102004e-08,3.81220547402635e-08,1.33552701772366e-08,5.84532681934619e-09,7.64844801878675e-08,6.54893338996823e-08,2.1028622120031e-08
4.41062325504073e-08,4.01468966256756e-08,1.54416196955281e-08,5.58441933394426e-09,7.71058811579743e-08,6.64866210893955e-08,1.97890925763256e-08
4.38303072597509e-08,3.96195875084111e-08,1.70343225636228e-08,5.17253812298355e-09,7.85485069236368e-08,6.68903245752063e-08,1.92299712320091e-08
4.16187938666384e-08,4.02084330369995e-08,1.56324748278728e-08,6.61559666928902e-09,7.63721117300142e-08,6.50540059871217e-08,2.37139673877915e-08
4.6110925035942e-08,4.27795273698454e-08,1.61924292014983e-08,2.95611405733001e-09,7.85656086242815e-08,6.70672183580971e-08,2.28674821731105e-08
4.32609549635211e-08,3.91573932776082e-08,1.49616789160255e-08,4.87366212645513e-09,7.94006735633261e-08,6.82839080763983e-08,2.37062571629684e-08
4.57357264481358e-08,3.93343756644277e-08,1.5318621167209e-08,6.09271530635392e-09,7.9271677860041e-08,6.6938652087579e-08,2.07677620897983e-08
4.75208056278866e-08,4.23258079056278e-08,1.54460806590049e-08,7.59894926260783e-09,8.09161406612223e-08,6.4425003101156e-08,2.1198482144904e-08
4.77671276689845e-08,4.48382115599329e-08,1.49816274553411e-08,5.15760209814931e-09,7.9879355279255e-08,6.63708584035965e-08,2.30117000752582e-08
4.57203620959555e-08,4.25459462002683e-08,1.66182242664386e-08,3.37591964594687e-09,8.27644003914428e-08,6.63433981033453e-08,2.29266829468879e-08
4.70514097459403e-08,4.39803025356782e-08,1.45866210339515e-08,5.33868972791697e-09,8.00157992251785e-08,6.41359975161794e-08,2.45869191182355e-08
4.85255709525302e-08,4.15400907205735e-08,1.54326822129043e-08,4.29964829574597e-09,7.7900490043818e-08,6.43674148982508e-08,2.3817448737463e-08
4.84540031776538e-08,4.55793254190773e-08,1.8064065753769e-08,4.52146666388351e-09,8.05601308272518e-08,6.58688905373647e-08,2.36854615336672e-08
4.65176487348528e-08,4.49579719127427e-08,1.7197577199864e-08,2.92267274842514e-09,7.93527084954402e-08,6.61908410151702e-08,2.55725792551168e-08
4.63947303031662e-08,4.71698053731965e-08,1.60665619501756e-08,4.48395271508997e-09,8.17587477015079e-08,6.46530529455332e-08,2.74700911526894e-08
4.93020333067073e-08,4.56461774071368e-08,1.58075317433513e-08,4.59928284641305e-09,8.13451455354672e-08,6.462563411348e-08,2.65181043819439e-08
